{
    "run_id": "15633bf5779645348a1779edf75b4169",
    "train_accuracy": 0.8865,
    "test_accuracy": 0.8235,
    "precision": 0.55,
    "recall": 0.7297297297297297,
    "f1_score": 0.6272439281942978,
    "roc_auc": 0.8560347712890086,
    "best_params": {
        "max_depth": 10,
        "min_samples_leaf": 2,
        "min_samples_split": 2,
        "n_estimators": 100
    }
}